FirstName,LastName,Email,Phone,AccountId
William,Fuller,combsabigail@example.org,317.549.0021,001Qy00000XW5mOIAT
Linda,Bryant,jmcintyre@example.com,(985)577-9140x39495,001Qy00000XW5mOIAT
Holly,Curtis,asmith@example.org,(300)871-1915,001Qy00000XW5mOIAT
Catherine,Baker,davidjenkins@example.net,001-601-269-9584x91637,001Qy00000XW5mOIAT
Amanda,Hayes,pmays@example.com,001-410-517-4889,001Qy00000XX0bJIAT
Michael,Rivera,tracy57@example.net,(869)320-1364,001Qy00000XX0bJIAT
George,Patterson,anne91@example.org,001-950-871-9840,001Qy00000XWD3zIAH
Cassidy,Martinez,yorkmatthew@example.com,666.643.8733,001Qy00000XUcd6IAD
Rachael,West,lunahannah@example.org,(966)581-1756,001Qy00000XWI3hIAH
Mary,Ramirez,thomas52@example.com,+1-496-435-4748x16804,001Qy00000XWI3hIAH
Vanessa,Carlson,robertgraham@example.org,(238)783-0654x12795,001Qy00000XWI3hIAH
