Id,FirstName,LastName,Email,Phone,AccountId
003Qy000007zxMcIAI,Rose,Gonzalez,rose@edge.com,(512) 757-6000,001Qy00000WLWdSIAX
003Qy000007zxMdIAI,Sean,Forbes,sean@edge.com,(512) 757-6000,001Qy00000WLWdSIAX
003Qy000007zxMeIAI,Jack,Rogers,jrogers@burlington.com,(336) 222-7000,001Qy00000WLWdTIAX
003Qy000007zxMfIAI,Pat,Stumuller,pat@pyramid.net,(014) 427-4427,001Qy00000WLWdUIAX
003Qy000007zxMgIAI,Andy,Young,a_young@dickenson.com,(785) 241-6200,001Qy00000WLWdVIAX
003Qy000007zxMhIAI,Tim,Barr,barr_tim@grandhotels.com,(312) 596-1000,001Qy00000WLWdWIAX
003Qy000007zxMiIAI,John,Bond,bond_john@grandhotels.com,(312) 596-1000,001Qy00000WLWdWIAX
003Qy000007zxMjIAI,Stella,Pavlova,spavlova@uog.com,(212) 842-5500,001Qy00000WLWdXIAX
003Qy000007zxMkIAI,Lauren,Boyle,lboyle@uog.com,(212) 842-5500,001Qy00000WLWdXIAX
003Qy000007zxMlIAI,Babara,Levy,b.levy@expressl&t.net,(503) 421-7800,001Qy00000WLWdYIAX
003Qy000007zxMmIAI,Josh,Davis,j.davis@expressl&t.net,(503) 421-7800,001Qy00000WLWdYIAX
003Qy000007zxMnIAI,Jane,Grey,jane_gray@uoa.edu,(520) 773-9050,001Qy00000WLY13IAH
003Qy000007zxMoIAI,Arthur,Song,asong@uog.com,(212) 842-5500,001Qy00000WLWdXIAX
003Qy000007zxMpIAI,Ashley,James,ajames@uog.com,+44 191 4956203,001Qy00000WLY14IAH
003Qy000007zxMqIAI,Tom,Ripley,tripley@uog.com,(650) 450-8810,001Qy00000WLY15IAH
003Qy000007zxMrIAI,Liz,D'Cruz,ldcruz@uog.com,(650) 450-8810,001Qy00000WLY15IAH
003Qy000007zxMsIAI,Edna,Frank,efrank@genepoint.com,(650) 867-3450,001Qy00000WLY16IAH
003Qy000007zxMtIAI,Avi,Green,agreen@uog.com,(212) 842-5500,001Qy00000WLWdXIAX
003Qy000007zxMuIAI,Siddartha,Nedaerk,,,001Qy00000WLY17IAH
003Qy000007zxMvIAI,Jake,Llorrac,,,001Qy00000WLY17IAH
