FirstName,LastName,Company,Email,Phone
Ebony,Ray,Johnston-Parrish,therrera@example.com,310-461-9560x92165
Chloe,Taylor,Barnett Ltd,bartlettkristen@example.net,204-323-3357x891
Megan,Jordan,Duffy-Miller,sarahwilliams@example.net,458.708.5868
Charles,Banks,"Craig, Oconnor and Villa",lray@example.net,+1-321-702-2583
Eric,Morales,Lawrence-Ford,qmccormick@example.com,+1-898-467-4671x262
Cynthia,Peters,"Rodriguez, Friedman and Hayes",kimberly99@example.com,433-963-8509
Brenda,Pena,Mccarthy-Johnson,janetfowler@example.net,001-569-776-7306x2725
Jesse,Davis,Barrett-Mccall,kathleen49@example.org,+1-553-401-7942
Lindsey,Price,Wright-Brown,alisonjackson@example.com,609.263.4991
Heather,Howard,Wilson-Walker,millsrachel@example.org,001-928-754-1322x0080
Ricky,Smith,Leon-Dodson,kellysims@example.com,(232)890-1669
Edward,Chapman,Golden-Mcintosh,allenjennifer@example.org,001-563-394-9441x625
Tracy,Fisher,"Leonard, Kim and Shaw",ewolf@example.net,287-348-4022x9695
